artwork_id,museum_id,nb_images,thumbnail,media_url
1,,5,imadeyou-01-053.jpg,"imadeyou-01-053.jpg, imadeyou-02-220.jpg, imadeyou-03-406.jpg, imadeyou-04-710.jpg, imadeyou-05-828.jpg"
2,,3,isabella-1-045.jpg,"isabella-1-045.jpg, isabella-2-1737.jpg, isabella-3-1910.jpg"
3,,7,odamado-01-400.jpg,"odamado-01-400.jpg, odamado-02-433.jpg, odamado-03-649.jpg, odamado-04-734.jpg, odamado-05-818.jpg, odamado-06-1230.jpg, odamado-07-1554.jpg"
4,,4,abena-01-021.jpg,"abena-01-021.jpg, abena-02-408.jpg, abena-03-513.jpg, abena-04-539.jpg"
5,MSK_0320,1,de-kleine-filosoof-msk-0320.jpg,de-kleine-filosoof-msk-0320.jpg
6,MSK_0721,1,de-refter-msk-0721.jpg,de-refter-msk-0721.jpg
7,MOS_7357,1,spaarpot-geglazuurd-aardewerk-torhout-1ste-helft-20ste-eeuw-mos-7357.jpg,spaarpot-geglazuurd-aardewerk-torhout-1ste-helft-20ste-eeuw-mos-7357.jpg
9,MSK_0351,1,het-kind-met-de-vissen-msk-0351.jpg,het-kind-met-de-vissen-msk-0351.jpg
10,MSK_0033,1,portret-van-een-jonge-man-17de18de-eeuw-msk-0033.jpg,portret-van-een-jonge-man-17de18de-eeuw-msk-0033.jpg
11,MSK_0639,1,moederschap-msk-0639.jpg,moederschap-msk-0639.jpg
13,MOS_5162,1,tegel-faience-noord-nederland-18de-eeuw-mos-5162.jpg,tegel-faience-noord-nederland-18de-eeuw-mos-5162.jpg
14,MOS_5161,1,tegel-faience-noord-nederland-18de-eeuw-mos-5161.jpg,tegel-faience-noord-nederland-18de-eeuw-mos-5161.jpg
15,MSK_1199,0,,
16,MSK_0449,1,nieuwsgierigheid-msk-0449.jpg,nieuwsgierigheid-msk-0449.jpg
17,MSK_0235,1,strandtoneel-msk-0235.jpg,strandtoneel-msk-0235.jpg
18,MSK_0317,1,kind-slapend-op-zijn-trommel-msk-0317.jpg,kind-slapend-op-zijn-trommel-msk-0317.jpg
19,MSK_0337,1,winterlandschap-met-kinderen-msk-0337.jpg,winterlandschap-met-kinderen-msk-0337.jpg
20,MSK_0335,1,lezend-kind-msk-0335.jpg,lezend-kind-msk-0335.jpg
21,JL.2022.0.22,2,mar-bvm-7-2022-0-22-001-medium.jpg,"mar-bvm-7-2022-0-22-001-medium.jpg, mar-bvm-7-2022-0-22-002-medium.jpg"
22,JL.2022.0.23,2,mar-bvm-7-2022-0-23-001-medium.jpg,"mar-bvm-7-2022-0-23-001-medium.jpg, mar-bvm-7-2022-0-23-002-medium.jpg"
23,JL.2022.0.24,2,mar-bvm-7-2022-0-24-001-medium.jpg,"mar-bvm-7-2022-0-24-001-medium.jpg, mar-bvm-7-2022-0-24-002-medium.jpg"
24,JL.2022.0.25,2,mar-bvm-7-2022-0-25-001-medium.jpg,"mar-bvm-7-2022-0-25-001-medium.jpg, mar-bvm-7-2022-0-25-002-medium.jpg"
25,JL.2022.0.26,1,mar-bvm-7-2022-0-26-medium.jpg,mar-bvm-7-2022-0-26-medium.jpg
26,JL.2022.0.27,2,mar-bvm-7-2022-0-27-001-medium.jpg,"mar-bvm-7-2022-0-27-001-medium.jpg, mar-bvm-7-2022-0-27-002-medium.jpg"
27,JL.2022.0.28,2,mar-bvm-7-2022-0-28-001-medium.jpg,"mar-bvm-7-2022-0-28-001-medium.jpg, mar-bvm-7-2022-0-28-002-medium.jpg"
28,JL.2022.0.29,2,mar-bvm-7-2022-0-29-001-medium.jpg,"mar-bvm-7-2022-0-29-001-medium.jpg, mar-bvm-7-2022-0-29-002-medium.jpg"
29,JL.2022.0.30,2,mar-bvm-7-2022-0-30-001-medium.jpg,"mar-bvm-7-2022-0-30-001-medium.jpg, mar-bvm-7-2022-0-30-002-medium.jpg"
30,JL.2022.0.31,2,mar-bvm-7-2022-0-31-001-medium.jpg,"mar-bvm-7-2022-0-31-001-medium.jpg, mar-bvm-7-2022-0-31-002-medium.jpg"
31,JL.2022.0.32,2,mar-bvm-7-2022-0-32-001-medium.jpg,"mar-bvm-7-2022-0-32-001-medium.jpg, mar-bvm-7-2022-0-32-002-medium.jpg"
32,JL.2022.0.33,2,mar-bvm-7-2022-0-33-001-medium.jpg,"mar-bvm-7-2022-0-33-001-medium.jpg, mar-bvm-7-2022-0-33-002-medium.jpg"
33,JL.2022.0.35,2,mar-bvm-7-2022-0-35-001-medium.jpg,"mar-bvm-7-2022-0-35-001-medium.jpg, mar-bvm-7-2022-0-35-002-medium.jpg"
34,JL.2022.0.36,2,mar-bvm-7-2022-0-36-001-medium.jpg,"mar-bvm-7-2022-0-36-001-medium.jpg, mar-bvm-7-2022-0-36-002-medium.jpg"
35,JL.2022.0.38,2,mar-bvm-7-2022-0-38-001-medium.jpg,"mar-bvm-7-2022-0-38-001-medium.jpg, mar-bvm-7-2022-0-38-002-medium.jpg"
36,JL.2022.0.40,2,mar-bvm-7-2022-0-40-001-medium.jpg,"mar-bvm-7-2022-0-40-001-medium.jpg, mar-bvm-7-2022-0-40-002-medium.jpg"
37,JL.2022.0.42,1,mar-bvm-7-2022-0-42-001-medium.jpg,mar-bvm-7-2022-0-42-001-medium.jpg
38,JL.2022.0.43,3,mar-bvm-7-2022-0-43-medium.jpg,"mar-bvm-7-2022-0-43-45-2-medium.jpg, mar-bvm-7-2022-0-43-45-medium.jpg, mar-bvm-7-2022-0-43-medium.jpg"
39,JL.2022.0.46,2,mar-bvm-7-2022-0-46-001-medium.jpg,"mar-bvm-7-2022-0-46-001-medium.jpg, mar-bvm-7-2022-0-46-002-medium.jpg"
40,JL.2022.0.47,2,mar-bvm-7-2022-0-47-001-medium.jpg,"mar-bvm-7-2022-0-47-001-medium.jpg, mar-bvm-7-2022-0-47-002-medium.jpg"
41,JL.2022.0.48,4,mar-bvm-7-2022-0-48-001-medium.jpg,"mar-bvm-7-2022-0-48-001-medium.jpg, mar-bvm-7-2022-0-48-002-medium.jpg, mar-bvm-7-2022-0-48-003-medium.jpg, mar-bvm-7-2022-0-48-004-medium.jpg"
42,JL.2022.0.49,3,mar-bvm-7-2022-0-49-001-medium.jpg,"mar-bvm-7-2022-0-49-001-medium.jpg, mar-bvm-7-2022-0-49-002-medium.jpg, mar-bvm-7-2022-0-49-003-medium.jpg"
43,JL.2022.0.50,2,mar-bvm-7-2022-0-50-001-medium.jpg,"mar-bvm-7-2022-0-50-001-medium.jpg, mar-bvm-7-2022-0-50-002-medium.jpg"
44,JL.2022.0.52,4,mar-bvm-7-2022-0-52-1-001-medium.jpg,"mar-bvm-7-2022-0-52-1-001-medium.jpg, mar-bvm-7-2022-0-52-1-002-medium.jpg, mar-bvm-7-2022-0-52-2-001-medium.jpg, mar-bvm-7-2022-0-52-2-002-medium.jpg"
45,JL.2022.0.54,5,mar-bvm-7-2022-0-54-medium.jpg,"mar-bvm-7-2022-0-54-001-medium.jpg, mar-bvm-7-2022-0-54-002-medium.jpg, mar-bvm-7-2022-0-54-003-medium.jpg, mar-bvm-7-2022-0-54-004-medium.jpg, mar-bvm-7-2022-0-54-medium.jpg"
46,JL.2022.0.58,2,mar-bvm-7-2022-0-58-001-medium.jpg,"mar-bvm-7-2022-0-58-001-medium.jpg, mar-bvm-7-2022-0-58-002-medium.jpg"
47,JL.2022.0.59,2,mar-bvm-7-2022-0-59-001-medium.jpg,"mar-bvm-7-2022-0-59-001-medium.jpg, mar-bvm-7-2022-0-59-002-medium.jpg"
48,JL.2022.0.60,2,mar-bvm-7-2022-0-60-001-medium.jpg,"mar-bvm-7-2022-0-60-001-medium.jpg, mar-bvm-7-2022-0-60-002-medium.jpg"
49,JL.2022.0.62,2,mar-bvm-7-2022-0-62-001-medium.jpg,"mar-bvm-7-2022-0-62-001-medium.jpg, mar-bvm-7-2022-0-62-002-medium.jpg"
51,JL.2022.0.67,1,mar-bvm-7-2022-0-67-001-medium.jpg,mar-bvm-7-2022-0-67-001-medium.jpg
52,JL.2022.0.74,2,mar-bvm-7-2022-0-74-001-medium.jpg,"mar-bvm-7-2022-0-74-001-medium.jpg, mar-bvm-7-2022-0-74-002-medium.jpg"
53,JL.2022.0.75,2,mar-bvm-7-2022-0-75-001-medium.jpg,"mar-bvm-7-2022-0-75-001-medium.jpg, mar-bvm-7-2022-0-75-002-medium.jpg"
54,JL.2022.0.76,2,mar-bvm-7-2022-0-76-001-medium.jpg,"mar-bvm-7-2022-0-76-001-medium.jpg, mar-bvm-7-2022-0-76-002-medium.jpg"
55,JL.2022.0.78,2,mar-bvm-7-2022-0-78-001-medium.jpg,"mar-bvm-7-2022-0-78-001-medium.jpg, mar-bvm-7-2022-0-78-002-medium.jpg"
56,JL.2022.0.80.2,5,mar-bvm-7-2022-0-80-1-001-medium.jpg,"mar-bvm-7-2022-0-80-1-001-medium.jpg, mar-bvm-7-2022-0-80-1-002-medium.jpg, mar-bvm-7-2022-0-80-2-001-medium.jpg, mar-bvm-7-2022-0-80-2-002-medium.jpg, mar-bvm-7-2022-0-80-2-003-medium.jpg"
57,JL.2022.0.81,3,mar-bvm-7-2022-0-81-001-medium.jpg,"mar-bvm-7-2022-0-81-001-medium.jpg, mar-bvm-7-2022-0-81-002-medium.jpg, mar-bvm-7-2022-0-81-003-medium.jpg"
58,JL.2022.0.82,2,mar-bvm-7-2022-0-82-001-medium.jpg,"mar-bvm-7-2022-0-82-001-medium.jpg, mar-bvm-7-2022-0-82-002-medium.jpg"
59,JL.2022.0.83,2,mar-bvm-7-2022-0-83-001-medium.jpg,"mar-bvm-7-2022-0-83-001-medium.jpg, mar-bvm-7-2022-0-83-002-medium.jpg"
60,JL.2022.0.84,4,mar-bvm-7-2022-0-84-001-medium.jpg,"mar-bvm-7-2022-0-84-001-medium.jpg, mar-bvm-7-2022-0-84-002-medium.jpg, mar-bvm-7-2022-0-84-003-medium.jpg, mar-bvm-7-2022-0-84-004-medium.jpg"
61,JL.2022.0.85,5,mar-bvm-7-2022-0-85-001-medium.jpg,"mar-bvm-7-2022-0-85-001-medium.jpg, mar-bvm-7-2022-0-85-002-medium.jpg, mar-bvm-7-2022-0-85-003-medium.jpg, mar-bvm-7-2022-0-85-004-medium.jpg, mar-bvm-7-2022-0-85-005-medium.jpg"
62,JL.2022.0.86,6,2022-0-86-medium.jpg,"2022-0-86-medium.jpg, mar-bvm-7-2022-0-86-001-medium.jpg, mar-bvm-7-2022-0-86-002-medium.jpg, mar-bvm-7-2022-0-86-003-medium.jpg, mar-bvm-7-2022-0-86-004-medium.jpg, mar-bvm-7-2022-0-86-005-medium.jpg"
63,JL.2022.0.88,2,mar-bvm-7-2022-0-88-001-medium.jpg,"mar-bvm-7-2022-0-88-001-medium.jpg, mar-bvm-7-2022-0-88-002-medium.jpg"
64,JL.2022.0.80,5,mar-bvm-7-2022-0-80-1-001-medium.jpg,"mar-bvm-7-2022-0-80-1-001-medium.jpg, mar-bvm-7-2022-0-80-1-002-medium.jpg, mar-bvm-7-2022-0-80-2-001-medium.jpg, mar-bvm-7-2022-0-80-2-002-medium.jpg, mar-bvm-7-2022-0-80-2-003-medium.jpg"
65,JL.2022.0.91,3,mar-bvm-7-2022-0-91-001-medium.jpg,"mar-bvm-7-2022-0-91-001-medium.jpg, mar-bvm-7-2022-0-91-002-medium.jpg, mar-bvm-7-2022-0-91-003-medium.jpg"
66,JL.2022.0.95,3,mar-bvm-7-2022-0-95-001-medium.jpg,"mar-bvm-7-2022-0-95-001-medium.jpg, mar-bvm-7-2022-0-95-002-medium.jpg, mar-bvm-7-2022-0-95-003-medium.jpg"
67,JL.2022.0.96,2,mar-bvm-7-2022-0-96-001-medium.jpg,"mar-bvm-7-2022-0-96-001-medium.jpg, mar-bvm-7-2022-0-96-002-medium.jpg"
68,JL.2022.0.97,3,mar-bvm-7-2022-0-97-001-medium.jpg,"mar-bvm-7-2022-0-97-001-medium.jpg, mar-bvm-7-2022-0-97-002-medium.jpg, mar-bvm-7-2022-0-97-004-medium.jpg"
69,JL.2022.0.97b,1,mar-bvm-7-2022-0-97-003-medium.jpg,mar-bvm-7-2022-0-97-003-medium.jpg
70,JL.2022.0.99,2,mar-bvm-7-2022-0-99-001-medium.jpg,"mar-bvm-7-2022-0-99-001-medium.jpg, mar-bvm-7-2022-0-99-002-medium.jpg"
71,JL.2022.0.100,2,mar-bvm-7-2022-0-100-001-medium.jpg,"mar-bvm-7-2022-0-100-001-medium.jpg, mar-bvm-7-2022-0-100-002-medium.jpg"
72,JL.2022.0.105,2,mar-bvm-7-2022-0-105-001-medium.jpg,"mar-bvm-7-2022-0-105-001-medium.jpg, mar-bvm-7-2022-0-105-002-medium.jpg"
73,JL.2022.0.123,2,mar-bvm-7-2022-0-123-1-medium.jpg,"mar-bvm-7-2022-0-123-1-medium.jpg, mar-bvm-7-2022-0-123-2-medium.jpg"
74,JL.2022.0.125,2,mar-bvm-7-2022-0-125-2-medium.jpg,"mar-bvm-7-2022-0-125-001-medium.jpg, mar-bvm-7-2022-0-125-2-medium.jpg"
75,JL.2022.0.128,2,mar-bvm-7-2022-0-128-001-medium.jpg,"mar-bvm-7-2022-0-128-001-medium.jpg, mar-bvm-7-2022-0-128-002-medium.jpg"
76,JL.2022.0.130,2,mar-bvm-7-2022-0-130-001-medium.jpg,"mar-bvm-7-2022-0-130-001-medium.jpg, mar-bvm-7-2022-0-130-002-medium.jpg"
77,JL.2022.0.131,3,mar-bvm-7-2022-0-131-1-medium.jpg,"mar-bvm-7-2022-0-131-001-medium.jpg, mar-bvm-7-2022-0-131-1-medium.jpg, mar-bvm-7-2022-0-131-2-medium.jpg"
78,JL.2022.0.132,2,mar-bvm-7-2022-0-132-001-medium.jpg,"mar-bvm-7-2022-0-132-001-medium.jpg, mar-bvm-7-2022-0-132-002-medium.jpg"
79,JL.2022.0.133,1,mar-bvm-7-2022-0-133-medium.jpg,mar-bvm-7-2022-0-133-medium.jpg
80,JL.2022.0.134,3,mar-bvm-7-2022-0-134-001-medium.jpg,"mar-bvm-7-2022-0-134-001-medium.jpg, mar-bvm-7-2022-0-134-002-medium.jpg, mar-bvm-7-2022-0-134-003-medium.jpg"
81,JL.2022.0135,2,mar-bvm-7-2022-0-135-001-medium.jpg,"mar-bvm-7-2022-0-135-001-medium.jpg, mar-bvm-7-2022-0-135-002-medium.jpg"
82,JL.2022.0.136,2,mar-bvm-7-2022-0-136-001-medium.jpg,"mar-bvm-7-2022-0-136-001-medium.jpg, mar-bvm-7-2022-0-136-002-medium.jpg"
83,JL.2022.0.138,2,mar-bvm-7-2022-0-138-001-medium.jpg,"mar-bvm-7-2022-0-138-001-medium.jpg, mar-bvm-7-2022-0-138-002-medium.jpg"
84,JL.2022.0.139,2,mar-bvm-7-2022-0-139-001-medium.jpg,"mar-bvm-7-2022-0-139-001-medium.jpg, mar-bvm-7-2022-0-139-002-medium.jpg"
85,JL.2022.0.143,2,mar-bvm-7-2022-0-143-medium.jpg,"mar-bvm-7-2022-0-143-1-medium.jpg, mar-bvm-7-2022-0-143-medium.jpg"
86,JL.2022.0.145,2,mar-bvm-7-2022-0-145-medium.jpg,"mar-bvm-7-2022-0-145-1-medium.jpg, mar-bvm-7-2022-0-145-medium.jpg"
87,JL.2022.0.147,2,mar-bvm-7-2022-0-147-001-medium.jpg,"mar-bvm-7-2022-0-147-001-medium.jpg, mar-bvm-7-2022-0-147-002-medium.jpg"
88,JL.2022.0.148,2,mar-bvm-7-2022-0-148-001-medium.jpg,"mar-bvm-7-2022-0-148-001-medium.jpg, mar-bvm-7-2022-0-148-002-medium.jpg"
89,JL.2022.0.149,2,mar-bvm-7-2022-0-149-001-medium.jpg,"mar-bvm-7-2022-0-149-001-medium.jpg, mar-bvm-7-2022-0-149-002-medium.jpg"
90,JL.2022.0.153,2,mar-bvm-7-2022-0-153-001-medium.jpg,"mar-bvm-7-2022-0-153-001-medium.jpg, mar-bvm-7-2022-0-153-002-medium.jpg"
91,JL.2022.0.154,2,mar-bvm-7-2022-0-154-001-medium.jpg,"mar-bvm-7-2022-0-154-001-medium.jpg, mar-bvm-7-2022-0-154-002-medium.jpg"
92,JL.2022.0.155,2,mar-bvm-7-2022-0-155-001-medium.jpg,"mar-bvm-7-2022-0-155-001-medium.jpg, mar-bvm-7-2022-0-155-002-medium.jpg"
93,JL.2022.0.156,2,mar-bvm-7-2022-0-156-001-medium.jpg,"mar-bvm-7-2022-0-156-001-medium.jpg, mar-bvm-7-2022-0-156-002-medium.jpg"
94,JL.2022.0.161,2,mar-bvm-7-2022-0-161-001-medium.jpg,"mar-bvm-7-2022-0-161-001-medium.jpg, mar-bvm-7-2022-0-161-002-medium.jpg"
95,JL.2022.0.165,1,mar-bvm-7-2022-0-165-002-medium.jpg,mar-bvm-7-2022-0-165-002-medium.jpg
96,JL.2022.0.170,2,mar-bvm-7-2022-0-170-001-medium.jpg,"mar-bvm-7-2022-0-170-001-medium.jpg, mar-bvm-7-2022-0-170-002-medium.jpg"
97,JL.2022.0.175,2,mar-bvm-7-2022-0-175-001-medium.jpg,"mar-bvm-7-2022-0-175-001-medium.jpg, mar-bvm-7-2022-0-175-002-medium.jpg"
98,JL.2022.0.179,2,mar-bvm-7-2022-0-179-001-medium.jpg,"mar-bvm-7-2022-0-179-001-medium.jpg, mar-bvm-7-2022-0-179-002-medium.jpg"
99,JL.2022.0.180,2,mar-bvm-7-2022-0-180-001-medium.jpg,"mar-bvm-7-2022-0-180-001-medium.jpg, mar-bvm-7-2022-0-180-002-medium.jpg"
100,JL.2022.0.182,2,mar-bvm-7-2022-0-182-001-medium.jpg,"mar-bvm-7-2022-0-182-001-medium.jpg, mar-bvm-7-2022-0-182-002-medium.jpg"
101,JL.2022.0.191,2,mar-bvm-7-2022-0-191-001-medium.jpg,"mar-bvm-7-2022-0-191-001-medium.jpg, mar-bvm-7-2022-0-191-002-medium.jpg"
102,JL.2022.0.192,2,mar-bvm-7-2022-0-192-001-medium.jpg,"mar-bvm-7-2022-0-192-001-medium.jpg, mar-bvm-7-2022-0-192-002-medium.jpg"
103,JL.2022.0.196,2,mar-bvm-7-2022-0-196-001-medium.jpg,"mar-bvm-7-2022-0-196-001-medium.jpg, mar-bvm-7-2022-0-196-002-medium.jpg"
104,JL.2022.0.200,2,mar-bvm-7-2022-0-200-001-medium.jpg,"mar-bvm-7-2022-0-200-001-medium.jpg, mar-bvm-7-2022-0-200-002-medium.jpg"
105,JL.2022.0.201,2,mar-bvm-7-2022-0-201-001-medium.jpg,"mar-bvm-7-2022-0-201-001-medium.jpg, mar-bvm-7-2022-0-201-002-medium.jpg"
106,JL.2022.0.204,2,mar-bvm-7-2022-0-204-001-medium.jpg,"mar-bvm-7-2022-0-204-001-medium.jpg, mar-bvm-7-2022-0-204-002-medium.jpg"
107,JL.2022.0.206,2,mar-bvm-7-2022-0-206-001-medium.jpg,"mar-bvm-7-2022-0-206-001-medium.jpg, mar-bvm-7-2022-0-206-002-medium.jpg"
108,JL.2022.0.212,2,mar-bvm-7-2022-0-212-001-medium.jpg,"mar-bvm-7-2022-0-212-001-medium.jpg, mar-bvm-7-2022-0-212-002-medium.jpg"
109,JL.2022.0.224,2,mar-bvm-7-2022-0-224-001-medium.jpg,"mar-bvm-7-2022-0-224-001-medium.jpg, mar-bvm-7-2022-0-224-002-medium.jpg"
110,JL.2022.0.225,2,mar-bvm-7-2022-0-225-001-medium.jpg,"mar-bvm-7-2022-0-225-001-medium.jpg, mar-bvm-7-2022-0-225-002-medium.jpg"
111,JL.2022.0.233,2,mar-bvm-7-2022-0-233-001-medium.jpg,"mar-bvm-7-2022-0-233-001-medium.jpg, mar-bvm-7-2022-0-233-002-medium.jpg"
112,JL.2022.0.234,2,mar-bvm-7-2022-0-234-001-medium.jpg,"mar-bvm-7-2022-0-234-001-medium.jpg, mar-bvm-7-2022-0-234-002-medium.jpg"
113,JL.2022.0.235,2,mar-bvm-7-2022-0-235-001-medium.jpg,"mar-bvm-7-2022-0-235-001-medium.jpg, mar-bvm-7-2022-0-235-002-medium.jpg"
114,JL.2022.0.238,2,mar-bvm-7-2022-0-238-medium.jpg,"mar-bvm-7-2022-0-238-1-medium.jpg, mar-bvm-7-2022-0-238-medium.jpg"
115,JL.2022.0.247,2,mar-bvm-7-2022-0-247-001-medium.jpg,"mar-bvm-7-2022-0-247-001-medium.jpg, mar-bvm-7-2022-0-247-002-medium.jpg"
116,JL.2022.0.256,1,mar-bvm-7-2022-0-256-medium.jpg,mar-bvm-7-2022-0-256-medium.jpg
117,JL.2022.0.37.1,2,mar-bvm-7-2022-0-37-1-001-medium.jpg,"mar-bvm-7-2022-0-37-1-001-medium.jpg, mar-bvm-7-2022-0-37-1-002-medium.jpg"
118,JL.2022.0.37.2,4,mar-bvm-7-2022-0-37-2-001-medium.jpg,"mar-bvm-7-2022-0-37-2-001-medium.jpg, mar-bvm-7-2022-0-37-2-002-medium.jpg, mar-bvm-7-2022-0-37-3-001-medium.jpg, mar-bvm-7-2022-0-37-3-002-medium.jpg"
119,JL.2022.0.39,3,mar-bvm-7-2022-0-39-2-medium.jpg,"mar-bvm-7-2022-0-39-1-001-medium.jpg, mar-bvm-7-2022-0-39-1-002-medium.jpg, mar-bvm-7-2022-0-39-2-medium.jpg"
120,JL.2022.0.34.1-3,4,mar-bvm-7-2022-0-34-2-medium.jpg,"mar-bvm-7-2022-0-34-1-001-medium.jpg, mar-bvm-7-2022-0-34-1-002-medium.jpg, mar-bvm-7-2022-0-34-2-medium.jpg, mar-bvm-7-2022-0-34-3-medium.jpg"
